Model,Correct Rating,Incorrect Rating
Gemini,0.7272727272727273,0.5357142857142857
Claude,0.42857142857142855,0.2727272727272727
