Model,Correct Rating,Incorrect Rating
Gemini,0.375,0.2777777777777778
Claude,0.28125,0.2777777777777778
